content,category
"El aprendizaje automático es una rama de la inteligencia artificial que permite a las computadoras aprender sin ser programadas explícitamente.",Tecnología
"La Revolución Industrial comenzó en Gran Bretaña a finales del siglo XVIII y transformó la producción manufacturera.",Historia
"La fotosíntesis es el proceso por el cual las plantas convierten la luz solar en energía química.",Ciencia
"Shakespeare es considerado el dramaturgo más importante de la literatura en inglés.",Arte
"Python es un lenguaje de programación versátil y fácil de aprender, ampliamente usado en ciencia de datos.",Tecnología
"La Gran Muralla China fue construida para proteger los estados chinos de invasiones nómadas.",Historia
"El ADN contiene la información genética que determina las características hereditarias de los seres vivos.",Ciencia
"El jazz nació a finales del siglo XIX en Nueva Orleans como fusión de tradiciones musicales africanas y europeas.",Arte
"Los embeddings son representaciones vectoriales de datos que capturan significado semántico.",Tecnología
"La caída del Imperio Romano de Occidente ocurrió en el año 476 d.C.",Historia
"Los agujeros negros son regiones del espacio donde la gravedad es tan intensa que nada puede escapar.",Ciencia
"La Mona Lisa, pintada por Leonardo da Vinci, es el retrato más famoso del mundo.",Arte
"Docker permite empaquetar aplicaciones en contenedores para facilitar su despliegue.",Tecnología
"La Declaración de Independencia de Estados Unidos fue firmada en 1776.",Historia
"La teoría de la relatividad de Einstein revolucionó nuestra comprensión del espacio y el tiempo.",Ciencia
"El cine mudo fue la primera forma de cine antes de la llegada del sonido sincronizado.",Arte
"PostgreSQL es un sistema de gestión de bases de datos relacional de código abierto muy potente.",Tecnología
"La Segunda Guerra Mundial duró desde 1939 hasta 1945.",Historia
"Los virus son entidades biológicas que necesitan una célula huésped para reproducirse.",Ciencia
"El impresionismo fue un movimiento artístico que surgió en Francia en el siglo XIX.",Arte
"La nube permite almacenar y acceder a datos a través de Internet sin depender de hardware local.",Tecnología
"Napoleón Bonaparte fue un líder militar y político francés que dominó Europa a principios del siglo XIX.",Historia
"La evolución por selección natural fue propuesta por Charles Darwin en 1859.",Ciencia
"La ópera es una forma de teatro musical donde los personajes cantan sus diálogos.",Arte
"Las redes neuronales artificiales están inspiradas en el funcionamiento del cerebro humano.",Tecnología
"La Revolución Francesa comenzó en 1789 y cambió radicalmente la estructura política de Francia.",Historia
"El cambio climático es uno de los mayores desafíos ambientales de la humanidad.",Ciencia
"El graffiti es una forma de arte urbano que se realiza en espacios públicos.",Arte
"La ciberseguridad protege sistemas y redes contra ataques digitales maliciosos.",Tecnología
"Alejandro Magno conquistó un vasto imperio que se extendía desde Grecia hasta la India.",Historia
"La física cuántica estudia el comportamiento de la materia a escalas atómicas y subatómicas.",Ciencia
"El cubismo fue un movimiento artístico fundado por Pablo Picasso y Georges Braque.",Arte
"El Internet de las Cosas (IoT) conecta dispositivos cotidianos a Internet para intercambiar datos.",Tecnología
"La Guerra Fría fue un período de tensión geopolítica entre Estados Unidos y la Unión Soviética.",Historia
"La CRISPR es una tecnología de edición genética con potencial para curar enfermedades hereditarias.",Ciencia
"El hip-hop surgió en el Bronx, Nueva York, como expresión cultural de comunidades afroamericanas y latinas.",Arte
"Kubernetes es una plataforma de código abierto para automatizar el despliegue de contenedores.",Tecnología
"El Renacimiento fue un período cultural que marcó la transición de la Edad Media a la Edad Moderna.",Historia
"La tabla periódica organiza los elementos químicos según sus propiedades y número atómico.",Ciencia
"El surrealismo buscaba liberar el potencial creativo del inconsciente humano.",Arte
"El blockchain es una tecnología de registro distribuido que garantiza la transparencia y seguridad.",Tecnología
"La independencia de la India en 1947 fue liderada por Mahatma Gandhi.",Historia
"Los ecosistemas marinos albergan la mayor diversidad de vida en el planeta.",Ciencia
"La arquitectura gótica se caracteriza por sus arcos apuntados y vitrales coloridos.",Arte
"La inteligencia artificial generativa puede crear texto, imágenes y música a partir de patrones aprendidos.",Tecnología
"La Guerra de los Cien Años fue un conflicto prolongado entre Inglaterra y Francia.",Historia
"La medicina moderna ha logrado erradicar enfermedades como la viruela mediante vacunas.",Ciencia
"El realismo mágico combina elementos mágicos con narrativas realistas.",Arte
"Git es un sistema de control de versiones distribuido esencial para el desarrollo de software.",Tecnología
"La Revolución Rusa de 1917 llevó al poder a los bolcheviques liderados por Lenin.",Historia
"Los neurotransmisores son sustancias químicas que transmiten señales entre neuronas.",Ciencia
"La danza contemporánea rompe con las reglas clásicas para explorar nuevas formas de movimiento.",Arte
